{"cameraMode":{"drawMode":0,"name":"Shaded","section":"Shading Mode"},"sceneLighting":true,"audioPlay":false,"sceneViewState":{"showFog":true,"showMaterialUpdate":false,"showSkybox":true,"showFlares":true,"showImageEffects":true,"showParticleSystems":true},"in2DMode":false,"pivot":{"x":0.6534013748168945,"y":0.6385685205459595,"z":-2.8459739685058595},"rotation":{"x":0.04618413746356964,"y":-0.11363490670919419,"z":0.005287349224090576,"w":0.9924345016479492},"size":10.709334373474121,"orthographic":true}