{"cameraMode":{"drawMode":0,"name":"Shaded","section":"Shading Mode"},"sceneLighting":true,"audioPlay":false,"sceneViewState":{"showFog":true,"showMaterialUpdate":false,"showSkybox":true,"showFlares":true,"showImageEffects":true,"showParticleSystems":true},"in2DMode":false,"pivot":{"x":-1.166650652885437,"y":2.6212711334228517,"z":0.3000122606754303},"rotation":{"x":0.14848357439041139,"y":-0.06907466799020767,"z":0.01039697416126728,"w":0.9864447712898254},"size":12.328917503356934,"orthographic":false}